INSERT INTO AEROPUERTO VALUES ('AA1','Barajas','Madrid','España');
INSERT INTO AEROPUERTO VALUES ('AA2','Prat','Barcelona','España');
INSERT INTO AEROPUERTO VALUES ('AA3','Maños','Zaragoza','España');
INSERT INTO AEROPUERTO VALUES ('AA4','Londport','Londres','Inglaterra');
INSERT INTO AEROPUERTO VALUES ('AA5','Strugen','Munich','Alemania');

INSERT INTO TERMINALES VALUES ('1','AA1');
INSERT INTO TERMINALES VALUES ('2','AA2');
INSERT INTO TERMINALES VALUES ('3','AA3');
INSERT INTO TERMINALES VALUES ('4','AA4');
INSERT INTO TERMINALES VALUES ('5','AA5');

INSERT INTO COMPAÑIA VALUES ('B1','Iberia','ajsi.jpg');
INSERT INTO COMPAÑIA VALUES ('B2','RyanAir','mko.jpg');
INSERT INTO COMPAÑIA VALUES ('B3','Vueling','askl.jpg');
INSERT INTO COMPAÑIA VALUES ('B4','SkyLines','avion.jpg');
INSERT INTO COMPAÑIA VALUES ('B5','SpainAir','logo.jpg');

INSERT INTO VUELO VALUES ('AB001','B1','Barajas','Prat','En curso');
INSERT INTO VUELO VALUES ('AB002','B2','Prat','Maños','Retrasado');
INSERT INTO VUELO VALUES ('AB003','B3','Maños','Londport','Cancelado');
INSERT INTO VUELO VALUES ('AB004','B4','Londport','Strugen','En hora');
INSERT INTO VUELO VALUES ('AB005','B5','Strugen','Barajas','Aterrizado');

INSERT INTO ASIENTOS VALUES ('1A1','Primera');
INSERT INTO ASIENTOS VALUES ('2B2','Bussiness');
INSERT INTO ASIENTOS VALUES ('3C3','Premium');
INSERT INTO ASIENTOS VALUES ('4C4','Turista');
INSERT INTO ASIENTOS VALUES ('5C5','Primera');

INSERT INTO PASAJEROS VALUES ('34189205P','Julio','Gonzalez','Nuñez');
INSERT INTO PASAJEROS VALUES ('52187897J','Jose','Perez','Fernandez');
INSERT INTO PASAJEROS VALUES ('54389897I','Antonio','Osorio','Perez');
INSERT INTO PASAJEROS VALUES ('57889325T','Andrea','Gil','Gonzalez');
INSERT INTO PASAJEROS VALUES ('57389205P','Nerea','Lopez','Gil');

INSERT INTO RESERVA VALUES ('AAA12','34189205P',21.35);
INSERT INTO RESERVA VALUES ('BBB12','52187897J',40.00);
INSERT INTO RESERVA VALUES ('CCC12','54389897I',79.99);
INSERT INTO RESERVA VALUES ('DDD12','57889325T',45.89);
INSERT INTO RESERVA VALUES ('EEE12','57389205P',120.89);

INSERT INTO RESERVA_VUELOS VALUES ('AAA12','AB001');
INSERT INTO RESERVA_VUELOS VALUES ('BBB12','AB002');
INSERT INTO RESERVA_VUELOS VALUES ('CCC12','AB003');
INSERT INTO RESERVA_VUELOS VALUES ('DDD12','AB004');
INSERT INTO RESERVA_VUELOS VALUES ('EEE12','AB005');

DELETE FROM AEROPUERTO WHERE Nombre='Barajas';
DELETE FROM PASAJEROS WHERE Apellido2='Perez';
DELETE FROM RESERVA WHERE Precio=120.89;

UPDATE AEROPUERTO SET Nombre='Prat Extended' WHERE Nombre='Prat';
UPDATE PASAJEROS SET Apellido1='Grillo' WHERE Apellido1='Osorio';
UPDATE RESERVA SET Precio=81.00 WHERE Precio=79.99;



